-- إدراج بيانات وهمية للمحامين
INSERT INTO lawyers (name, phone, governorate, cases, revenue, participated, subscribed, receivedFreeCase, subscription_date, reorder_date) VALUES
('أحمد محمد علي', '01012345678', 'القاهرة', 5, 15000.00, true, true, false, '2024-01-15', '2024-02-10'),
('فاطمة حسن إبراهيم', '01123456789', 'الجيزة', 3, 9000.00, true, true, true, '2024-01-20', NULL),
('محمد عبد الله سالم', '01234567890', 'الإسكندرية', 7, 21000.00, true, false, false, NULL, NULL),
('سارة أحمد محمود', '01098765432', 'القاهرة', 2, 6000.00, true, true, false, '2024-02-01', NULL),
('عمر خالد يوسف', '01187654321', 'الجيزة', 4, 12000.00, false, false, true, NULL, NULL),
('نورا سعيد حسن', '01276543210', 'الإسكندرية', 6, 18000.00, true, true, false, '2024-01-25', '2024-02-15'),
('كريم محمد أحمد', '01165432109', 'القاهرة', 1, 3000.00, true, false, false, NULL, NULL),
('مريم عبد الرحمن', '01054321098', 'الجيزة', 8, 24000.00, true, true, false, '2024-02-05', '2024-02-20');

-- إدراج بيانات وهمية للحملات
INSERT INTO campaigns (name, startDate, endDate, budget, clients, responses, subscribers, revenue, reorders, status) VALUES
('حملة الاستشارات القانونية الشتوية', '2024-01-01', '2024-03-31', 50000.00, 150, 120, 80, 45000.00, 25, 'مكتملة'),
('حملة خدمات الطلاق والخلع', '2024-02-15', '2024-05-15', 75000.00, 200, 180, 120, 68000.00, 40, 'نشطة'),
('حملة القضايا التجارية', '2024-03-01', '2024-06-01', 100000.00, 100, 85, 60, 55000.00, 15, 'نشطة'),
('حملة الاستشارات العقارية', '2024-01-15', '2024-04-15', 60000.00, 180, 150, 100, 52000.00, 30, 'مكتملة'),
('حملة قضايا العمل', '2024-04-01', '2024-07-01', 80000.00, 120, 100, 70, 35000.00, 20, 'نشطة');

-- إدراج بيانات وهمية للقضايا
INSERT INTO cases (title, client, lawyer, status, priority, date, amount) VALUES
('قضية طلاق وحضانة', 'سعاد محمد علي', 'أحمد محمد علي', 'قيد المراجعة', 'عالية', '2024-01-15', 5000.00),
('استشارة قانونية عقارية', 'محمد حسن إبراهيم', 'فاطمة حسن إبراهيم', 'مقبولة', 'متوسطة', '2024-01-20', 0.00),
('قضية تجارية - نزاع شراكة', 'شركة النور للتجارة', 'محمد عبد الله سالم', 'جديدة', 'عالية', '2024-02-01', 15000.00),
('قضية عمالية - فصل تعسفي', 'أحمد سالم محمود', 'سارة أحمد محمود', 'قيد المراجعة', 'متوسطة', '2024-02-05', 8000.00),
('استشارة قانونية أسرية', 'نادية عبد الله', 'نورا سعيد حسن', 'مكتملة', 'منخفضة', '2024-01-10', 2000.00),
('قضية ميراث', 'عائلة الشريف', 'كريم محمد أحمد', 'مقبولة', 'عالية', '2024-02-10', 12000.00),
('قضية تعويض حادث', 'ياسر محمد علي', 'مريم عبد الرحمن', 'قيد المراجعة', 'عالية', '2024-02-15', 20000.00),
('استشارة قانونية تجارية', 'شركة الأمل', 'أحمد محمد علي', 'جديدة', 'متوسطة', '2024-02-20', 0.00);

-- إدراج بيانات وهمية للمهام
INSERT INTO tasks (title, description, assignee, priority, status, dueDate) VALUES
('مراجعة ملف قضية الطلاق', 'مراجعة جميع الأوراق والمستندات المطلوبة لقضية الطلاق', 'أحمد محمد علي', 'عالية', 'قيد التنفيذ', '2024-02-25'),
('إعداد مذكرة دفاع', 'إعداد مذكرة دفاع شاملة للقضية التجارية', 'محمد عبد الله سالم', 'عالية', 'جديدة', '2024-03-01'),
('متابعة مع العميل', 'الاتصال بالعميل لمتابعة آخر التطورات', 'فاطمة حسن إبراهيم', 'متوسطة', 'مكتملة', '2024-02-20'),
('تحضير جلسة المحكمة', 'تحضير جميع المستندات والأدلة للجلسة القادمة', 'سارة أحمد محمود', 'عالية', 'قيد التنفيذ', '2024-02-28'),
('استشارة قانونية مجانية', 'تقديم استشارة قانونية مجانية للعميل الجديد', 'نورا سعيد حسن', 'منخفضة', 'جديدة', '2024-03-05'),
('مراجعة عقد الشراكة', 'مراجعة وتحليل بنود عقد الشراكة المقترح', 'كريم محمد أحمد', 'متوسطة', 'قيد التنفيذ', '2024-03-03'),
('إعداد تقرير شهري', 'إعداد التقرير الشهري لأداء المكتب', 'مريم عبد الرحمن', 'متوسطة', 'جديدة', '2024-03-10'),
('متابعة تحصيل الأتعاب', 'متابعة تحصيل الأتعاب المستحقة من العملاء', 'أحمد محمد علي', 'عالية', 'جديدة', '2024-02-29');

-- إدراج بيانات وهمية للمصاريف
INSERT INTO expenses (description, amount, category, date) VALUES
('إيجار المكتب - يناير 2024', 15000.00, 'إيجار', '2024-01-01'),
('فواتير الكهرباء والمياه', 2500.00, 'مرافق', '2024-01-15'),
('رسوم المحكمة - قضية تجارية', 1200.00, 'رسوم قانونية', '2024-01-20'),
('أتعاب محامي استئناف', 8000.00, 'أتعاب', '2024-01-25'),
('مصاريف انتقالات', 800.00, 'مواصلات', '2024-02-01'),
('شراء أدوات مكتبية', 1500.00, 'مكتبية', '2024-02-05'),
('رسوم تسجيل وثائق', 600.00, 'رسوم قانونية', '2024-02-10'),
('إيجار المكتب - فبراير 2024', 15000.00, 'إيجار', '2024-02-01'),
('صيانة أجهزة الكمبيوتر', 3000.00, 'صيانة', '2024-02-15'),
('رسوم اشتراك في نقابة المحامين', 2000.00, 'اشتراكات', '2024-02-20'),
('مصاريف ضيافة العملاء', 500.00, 'ضيافة', '2024-02-22'),
('أتعاب خبير قانوني', 5000.00, 'أتعاب', '2024-02-25');

-- رسالة تأكيد
SELECT 'تم إدراج البيانات الوهمية بنجاح!' as message;